﻿<?xml version="1.0" encoding="utf-8" ?>
<c2eventsheet>
    <!--All the 'name' attributes are ignored by Construct 2 - they are there for readability only.-->
    <name>Event sheet 1</name>
    <events>
        <event-block sid="1847617310479446">
            <conditions>
                <condition id="-1" name="Every tick" sid="1619161557377775" type="System" />
            </conditions>
            <actions>
                <action id="-4" name="Set position to another object" sid="981961681761463" type="v">
                    <param id="0" name="Object">PlayerBox</param>
                    <param id="1" name="Image point (optional)">1</param>
                </action>
            </actions>
        </event-block>
        <event-block sid="7918799268117605">
            <conditions>
                <condition id="0" name="On key pressed" sid="7110869608521898" type="Keyboard">
                    <param id="0" name="Key">39 (Right arrow)</param>
                </condition>
            </conditions>
            <actions>
                <action id="7" name="Set mirrored" sid="2489917537297154" type="v">
                    <param id="0" name="State">1</param>
                </action>
            </actions>
        </event-block>
        <event-block sid="7637452845891488">
            <conditions>
                <condition id="0" name="On key pressed" sid="3629110284553172" type="Keyboard">
                    <param id="0" name="Key">37 (Left arrow)</param>
                </condition>
            </conditions>
            <actions>
                <action id="7" name="Set mirrored" sid="268542460537334" type="v">
                    <param id="0" name="State">0</param>
                </action>
            </actions>
        </event-block>
        <event-block sid="5861341647314046">
            <conditions>
                <condition behavior="Platform" id="8" name="On moved" sid="727011734073849" type="PlayerBox" />
            </conditions>
            <actions>
                <action id="4" name="Set animation" sid="3414503676463617" type="v">
                    <param id="0" name="Animation">&quot;run&quot;</param>
                    <param id="1" name="From">1</param>
                </action>
            </actions>
        </event-block>
        <event-block sid="8164792096656933">
            <conditions>
                <condition behavior="Platform" id="7" name="On stopped" sid="2774778568696941" type="PlayerBox" />
            </conditions>
            <actions>
                <action id="4" name="Set animation" sid="5764666193506884" type="v">
                    <param id="0" name="Animation">&quot;Idle&quot;</param>
                    <param id="1" name="From">1</param>
                </action>
            </actions>
        </event-block>
        <event-block sid="2258990542049055">
            <conditions>
                <condition behavior="Platform" id="6" name="On fall" sid="9297603468016708" type="PlayerBox" />
            </conditions>
            <actions>
                <action id="4" name="Set animation" sid="9739320600667084" type="v">
                    <param id="0" name="Animation">&quot;JumptoRun&quot;</param>
                    <param id="1" name="From">1</param>
                </action>
            </actions>
        </event-block>
        <event-block sid="4826968971697085">
            <conditions>
                <condition behavior="Platform" id="5" name="On jump" sid="6274341568742473" type="PlayerBox" />
            </conditions>
            <actions>
                <action id="4" name="Set animation" sid="2923699008330892" type="v">
                    <param id="0" name="Animation">&quot;RuntoJump&quot;</param>
                    <param id="1" name="From">1</param>
                </action>
            </actions>
        </event-block>
        <event-block sid="5226337715738718">
            <conditions>
                <condition behavior="Platform" id="9" name="On landed" sid="1502299222296985" type="PlayerBox" />
            </conditions>
            <actions>
                <action id="4" name="Set animation" sid="4045191864539483" type="v">
                    <param id="0" name="Animation">&quot;idle&quot;</param>
                    <param id="1" name="From">1</param>
                </action>
            </actions>
            <sub-events>
                <event-block sid="3448715119767142">
                    <conditions>
                        <condition behavior="Platform" id="0" name="Is moving" sid="219369821663419" type="PlayerBox" />
                    </conditions>
                    <actions>
                        <action id="4" name="Set animation" sid="1510377261963435" type="v">
                            <param id="0" name="Animation">&quot;run&quot;</param>
                            <param id="1" name="From">1</param>
                        </action>
                    </actions>
                </event-block>
                <event-block sid="9674026185692952">
                    <conditions>
                        <condition behavior="Platform" id="0" inverted="1" name="Is moving" sid="5404153966593549" type="PlayerBox" />
                    </conditions>
                    <actions>
                        <action id="4" name="Set animation" sid="3903110691464935" type="v">
                            <param id="0" name="Animation">&quot;idle&quot;</param>
                            <param id="1" name="From">1</param>
                        </action>
                    </actions>
                </event-block>
            </sub-events>
        </event-block>
        <event-block sid="7015661529762953">
            <conditions>
                <condition id="0" name="On key pressed" sid="9776761409816486" type="Keyboard">
                    <param id="0" name="Key">39 (Right arrow)</param>
                </condition>
            </conditions>
            <actions>
                <action id="7" name="Set mirrored" sid="6123538483472757" type="PlayerBox">
                    <param id="0" name="State">0</param>
                </action>
            </actions>
        </event-block>
        <event-block sid="3819332120120742">
            <conditions>
                <condition id="0" name="On key pressed" sid="9102294955098328" type="Keyboard">
                    <param id="0" name="Key">37 (Left arrow)</param>
                </condition>
            </conditions>
            <actions>
                <action id="7" name="Set mirrored" sid="3084857255849219" type="PlayerBox">
                    <param id="0" name="State">1</param>
                </action>
            </actions>
        </event-block>
        <event-block sid="9655776666315588">
            <conditions>
                <condition id="4" name="On finished" sid="4004973272372052" type="birdie">
                    <param id="0" name="Animation">&quot;Birdie&quot;</param>
                </condition>
            </conditions>
            <actions>
                <action id="4" name="Set animation" sid="2555825272711182" type="birdie">
                    <param id="0" name="Animation">&quot;Birdie2&quot;</param>
                    <param id="1" name="From">1</param>
                </action>
            </actions>
        </event-block>
        <event-block sid="6275183210365898">
            <conditions>
                <condition id="2" name="Is playing" sid="5271658762069405" type="birdie">
                    <param id="0" name="Animation">&quot;Birdie&quot;</param>
                </condition>
            </conditions>
            <actions>
                <action id="-17" name="Move forward" sid="6187986796080002" type="birdie">
                    <param id="0" name="Distance">2</param>
                </action>
            </actions>
        </event-block>
        <event-block sid="3735039130810282">
            <conditions>
                <condition id="4" name="On finished" sid="7707906394519419" type="birdie">
                    <param id="0" name="Animation">&quot;Birdie2&quot;</param>
                </condition>
            </conditions>
            <actions>
                <action id="4" name="Set animation" sid="2727985495122645" type="birdie">
                    <param id="0" name="Animation">&quot;Birdie&quot;</param>
                    <param id="1" name="From">1</param>
                </action>
            </actions>
        </event-block>
        <event-block sid="7120256379214659">
            <conditions>
                <condition id="-4" name="Is outside layout" sid="6417023989845386" type="birdie" />
            </conditions>
            <actions>
                <action id="-3" name="Set position" sid="2468109424789806" type="birdie">
                    <param id="0" name="X">7487</param>
                    <param id="1" name="Y">1365</param>
                </action>
            </actions>
        </event-block>
        <event-block sid="6421270911914381">
            <conditions>
                <condition id="1" name="Is overlapping another object" sid="2392005687461951" type="PlayerBox">
                    <param id="0" name="Object">tips</param>
                </condition>
            </conditions>
            <actions>
                <action id="-15" name="Set visible" sid="8782831398748616" type="Tipslayout">
                    <param id="0" name="Visibility">1</param>
                </action>
            </actions>
        </event-block>
        <event-block sid="1565343584132343">
            <conditions>
                <condition id="1" inverted="1" name="Is overlapping another object" sid="1731174711371932" type="PlayerBox">
                    <param id="0" name="Object">tips</param>
                </condition>
            </conditions>
            <actions>
                <action id="-15" name="Set visible" sid="624617712007758" type="Tipslayout">
                    <param id="0" name="Visibility">0</param>
                </action>
            </actions>
        </event-block>
        <event-block sid="3701193369299405">
            <conditions>
                <condition id="0" name="On key pressed" sid="6381781740450395" type="Keyboard">
                    <param id="0" name="Key">38 (Up arrow)</param>
                </condition>
                <condition id="1" name="Is overlapping another object" sid="5087685294376475" type="PlayerBox">
                    <param id="0" name="Object">GOTO2nd</param>
                </condition>
            </conditions>
            <actions>
                <action id="-3" name="Set position" sid="9934185574531103" type="PlayerBox">
                    <param id="0" name="X">1940</param>
                    <param id="1" name="Y">850</param>
                </action>
            </actions>
        </event-block>
        <event-block sid="9218676856221471">
            <conditions>
                <condition id="0" name="On key pressed" sid="8119238627857307" type="Keyboard">
                    <param id="0" name="Key">40 (Down arrow)</param>
                </condition>
                <condition id="1" name="Is overlapping another object" sid="3363519577857862" type="PlayerBox">
                    <param id="0" name="Object">GOTO1st</param>
                </condition>
            </conditions>
            <actions>
                <action id="-3" name="Set position" sid="9988602681479975" type="PlayerBox">
                    <param id="0" name="X">2500</param>
                    <param id="1" name="Y">1450</param>
                </action>
            </actions>
        </event-block>
        <event-block sid="5910609888331042">
            <conditions>
                <condition id="1" name="Is overlapping another object" sid="5597489102547366" type="PlayerBox">
                    <param id="0" name="Object">GOTO2nd</param>
                </condition>
            </conditions>
            <actions>
                <action id="-15" name="Set visible" sid="8364854888959523" type="ArrowAnimation">
                    <param id="0" name="Visibility">1</param>
                </action>
            </actions>
        </event-block>
        <event-block sid="1389250337683346">
            <conditions>
                <condition id="1" inverted="1" name="Is overlapping another object" sid="7170470676957793" type="PlayerBox">
                    <param id="0" name="Object">GOTO2nd</param>
                </condition>
            </conditions>
            <actions>
                <action id="-15" name="Set visible" sid="203432736677974" type="ArrowAnimation">
                    <param id="0" name="Visibility">0</param>
                </action>
            </actions>
        </event-block>
        <event-block sid="9221603066339048">
            <conditions>
                <condition id="1" name="Is overlapping another object" sid="2919085755914563" type="PlayerBox">
                    <param id="0" name="Object">GOTO1st</param>
                </condition>
            </conditions>
            <actions>
                <action id="-15" name="Set visible" sid="3301269956229157" type="ArrowDown">
                    <param id="0" name="Visibility">1</param>
                </action>
            </actions>
        </event-block>
        <event-block sid="8615732485627121">
            <conditions>
                <condition id="1" inverted="1" name="Is overlapping another object" sid="8758375178598846" type="PlayerBox">
                    <param id="0" name="Object">GOTO1st</param>
                </condition>
            </conditions>
            <actions>
                <action id="-15" name="Set visible" sid="5135459185988475" type="ArrowDown">
                    <param id="0" name="Visibility">0</param>
                </action>
            </actions>
        </event-block>
        <event-block sid="3404409044635899">
            <conditions>
                <condition id="7" inverted="1" name="Is mirrored" sid="1769741192811719" type="mouse" />
                <condition id="2" name="Is playing" sid="1549793675781928" type="mouse">
                    <param id="0" name="Animation">&quot;default&quot;</param>
                </condition>
            </conditions>
            <actions>
                <action id="-17" name="Move forward" sid="7420043347781722" type="mouse">
                    <param id="0" name="Distance">-6</param>
                </action>
            </actions>
        </event-block>
        <event-block sid="312737778601039">
            <conditions>
                <condition id="-4" name="Is outside layout" sid="9029883369298503" type="mouse" />
            </conditions>
            <actions>
                <action id="-3" name="Set position" sid="8840503120360535" type="mouse">
                    <param id="0" name="X">7368</param>
                    <param id="1" name="Y">390</param>
                </action>
            </actions>
        </event-block>
    </events>
</c2eventsheet>
